City_ID,City,Lat,Lng,Max Temp,Humidity,Cloudiness,Wind Speed,Country,Date
0,port-aux-francais,-49.35,70.2167,46.17,98,100,29.42,TF,1684881851
1,at-bashi,41.1702,75.8106,48.02,89,94,1.39,KG,1684881851
2,grytviken,-54.2811,-36.5092,35.42,82,31,10.67,GS,1684881852
3,udachny,66.4167,112.4,35.46,80,59,12.37,RU,1684881852
4,waitangi,-43.9535,-176.5597,55.81,95,2,4.0,NZ,1684881852
5,queenstown,-31.8976,26.8753,48.47,46,4,4.76,ZA,1684881633
6,richards bay,-28.783,32.0377,62.62,88,64,6.78,ZA,1684881852
7,whitehorse,60.7161,-135.0538,64.81,23,40,5.75,CA,1684881722
8,adamstown,-25.066,-130.1015,76.64,87,75,30.15,PN,1684881852
9,verkhnedneprovskiy,54.9813,33.3457,52.95,95,99,5.01,RU,1684881852
10,saldanha,-33.0117,17.9442,48.25,85,98,6.06,ZA,1684881852
11,hermanus,-34.4187,19.2345,51.8,75,71,3.18,ZA,1684881650
12,puerto real,36.5282,-6.1901,62.76,88,40,3.44,ES,1684881852
13,ribeira grande,38.5167,-28.7,63.77,82,13,11.01,PT,1684881852
14,albany,42.6001,-73.9662,74.17,53,26,3.0,US,1684881852
15,olonkinbyen,70.9221,-8.7187,33.96,99,100,9.08,SJ,1684881852
16,ushuaia,-54.8,-68.3,42.46,93,100,3.44,AR,1684881853
17,birmitrapur,22.4,84.7667,84.85,30,59,2.37,IN,1684881853
18,edinburgh of the seven seas,-37.0676,-12.3116,56.48,67,71,26.6,SH,1684881853
19,fort bragg,35.139,-79.006,77.14,33,20,14.97,US,1684881853
20,koratla,18.8167,78.7167,90.25,36,38,1.68,IN,1684881853
21,nikolayevsk-on-amure,53.1406,140.73,51.33,63,93,3.74,RU,1684881661
22,susuman,62.7833,148.1667,37.22,99,100,2.62,RU,1684881853
23,saint-pierre,-21.3393,55.4781,74.88,73,100,2.3,RE,1684881651
24,carnarvon,-24.8667,113.6333,68.65,70,98,6.8,AU,1684881854
25,vilyuchinsk,52.9306,158.4028,44.26,90,86,4.81,RU,1684881644
26,orito,0.6766,-76.8771,75.78,90,99,0.47,CO,1684881854
27,port lincoln,-34.7333,135.8667,58.19,67,64,16.26,AU,1684881854
28,isafjordur,66.0755,-23.124,36.99,97,100,33.06,IS,1684881689
29,remire-montjoly,4.9167,-52.2667,78.84,83,0,3.44,GF,1684881854
30,st. john's,47.5649,-52.7093,37.78,93,100,18.99,CA,1684881743
31,atherton,53.5237,-2.4935,55.29,78,77,5.01,GB,1684881854
32,avarua,-21.2078,-159.775,77.05,65,29,2.3,CK,1684881854
33,puerto natales,-51.7236,-72.4875,31.68,95,85,3.09,CL,1684881854
34,bethel,41.3712,-73.414,66.78,58,0,10.36,US,1684881854
35,malyye derbety,47.9547,44.6808,62.67,83,60,5.66,RU,1684881855
36,estevan,49.1334,-102.9842,80.94,44,0,18.41,CA,1684881855
37,mirny,62.5353,113.9611,42.24,48,96,7.0,RU,1684881855
38,yellowknife,62.456,-114.3525,61.32,31,75,16.11,CA,1684881635
39,masterton,-40.9597,175.6575,56.88,91,68,7.7,NZ,1684881855
40,atafu village,-8.5421,-172.5159,82.85,74,97,7.65,TK,1684881855
41,papatowai,-46.5619,169.4708,48.99,71,88,9.26,NZ,1684881855
42,blackmans bay,-43.0167,147.3167,56.52,71,60,5.57,AU,1684881855
43,taulaga,-11.0553,-171.0883,82.24,70,29,8.14,AS,1684881855
44,wailua homesteads,22.0669,-159.378,81.03,78,100,11.5,US,1684881855
45,lihue,21.9789,-159.3672,81.64,78,100,11.5,US,1684881641
46,invercargill,-46.4,168.35,48.15,70,68,9.28,NZ,1684881855
47,bilibino,68.0546,166.4372,45.73,52,60,3.96,RU,1684881634
48,gadzhiyevo,69.2551,33.3362,44.08,91,49,10.63,RU,1684881668
49,port mathurin,-19.6833,63.4167,77.0,60,32,12.41,MU,1684881856
50,labrador city,52.9463,-66.9114,55.31,33,100,20.71,CA,1684881610
51,tazovsky,67.4667,78.7,31.28,89,29,6.69,RU,1684881856
52,east london,-33.0153,27.9116,60.94,55,15,5.32,ZA,1684881856
53,college,64.8569,-147.8028,68.58,32,20,5.75,US,1684881856
54,puerto santa,-8.9906,-78.6456,72.64,84,65,11.54,PE,1684881856
55,vorgashor,67.5833,63.95,43.21,74,61,6.08,RU,1684881856
56,guapimirim,-22.5372,-42.9819,74.91,87,29,2.93,BR,1684881856
57,parras de la fuente,25.4167,-102.1833,83.28,24,75,11.18,MX,1684881856
58,dapchi,12.4904,11.4944,91.54,36,69,8.32,NG,1684881856
59,puerto ayora,-0.7393,-90.3518,84.16,88,90,5.01,EC,1684881856
60,constantia,44.1833,28.65,56.08,86,4,6.55,RO,1684881856
61,esmeraldas,-19.7625,-44.3139,65.44,74,9,7.27,BR,1684881856
62,kovalam,8.3667,76.9967,84.29,79,40,0.0,IN,1684881856
63,badger,64.8,-147.5333,68.5,32,20,5.75,US,1684881857
64,suleja,9.1758,7.1808,77.99,87,100,1.34,NG,1684881857
65,callao,-12.0667,-77.15,73.69,73,75,12.66,PE,1684881857
66,isangel,-19.55,169.2667,75.9,59,100,15.93,VU,1684881857
67,neon karlovasion,37.7903,26.7044,66.9,81,98,0.96,GR,1684881857
68,toliara,-23.35,43.6667,64.04,75,0,10.74,MG,1684881857
69,dabat,12.9842,37.765,62.94,25,25,2.66,ET,1684881857
70,punta arenas,-53.15,-70.9167,33.91,93,0,16.11,CL,1684881857
71,margaret river,-33.95,115.0667,57.72,62,98,16.6,AU,1684881631
72,zhosaly,45.4878,64.0781,68.36,26,2,10.27,KZ,1684881858
73,longyearbyen,78.2186,15.6401,35.44,80,75,29.93,SJ,1684881858
74,zeya,53.75,127.2667,53.4,80,90,2.51,RU,1684881858
75,camiri,-20.05,-63.5167,78.58,65,75,0.0,BO,1684881858
76,keflavik,64.0049,-22.5624,43.23,61,75,36.82,IS,1684881858
77,gaillimh,53.2719,-9.0489,50.04,90,77,3.71,IE,1684881858
78,ust-nera,64.5667,143.2,36.21,96,100,7.09,RU,1684881858
79,plastun,44.7561,136.2939,60.31,57,3,3.67,RU,1684881858
80,iqaluit,63.7506,-68.5145,20.93,73,75,20.71,CA,1684881858
81,faxinal,-24.0003,-51.3194,60.66,74,0,4.18,BR,1684881858
82,viqueque,-8.8673,126.3658,77.04,85,99,2.89,TL,1684881858
83,rabaul,-4.1967,152.1721,83.1,74,87,17.54,PG,1684881858
84,dellys,36.9172,3.9131,64.26,90,77,8.93,DZ,1684881858
85,vadso,70.0744,29.7487,47.28,100,75,6.91,NO,1684881640
86,massawa,15.6097,39.45,87.01,67,17,6.6,ER,1684881859
87,mpumalanga,-26.0,30.0,46.53,86,1,5.06,ZA,1684881859
88,coquimbo,-29.9533,-71.3436,62.33,82,0,2.3,CL,1684881746
89,bryne,58.7354,5.6477,48.24,90,75,10.36,NO,1684881859
90,trondheim,63.4305,10.3951,48.29,86,28,1.01,NO,1684881859
91,bengkulu,-3.8004,102.2655,75.54,85,5,3.69,ID,1684881859
92,kulunda,52.566,78.9385,51.76,48,0,7.54,RU,1684881859
93,buulobarde,3.8538,45.5674,77.11,86,83,10.42,SO,1684881859
94,arish,31.1316,33.7984,72.46,56,0,8.57,EG,1684881859
95,tual,-5.6667,132.75,81.88,78,74,24.94,ID,1684881859
96,itoman,26.1247,127.6694,73.42,67,20,8.05,JP,1684881859
97,portland,45.5234,-122.6762,70.45,45,75,4.61,US,1684881589
98,villa gesell,-37.2639,-56.973,63.05,88,99,11.39,AR,1684881860
99,zaozersk,69.4005,32.4476,46.85,88,52,5.48,RU,1684881677
100,hotan,37.0997,79.9269,68.68,26,23,7.27,CN,1684881860
101,prado,-17.3411,-39.2208,72.12,85,98,5.1,BR,1684881860
102,kaluga,54.5,35.5,54.3,99,100,2.51,RU,1684881860
103,yaren,-0.5472,166.916,77.54,92,100,13.24,NR,1684881860
104,kununurra,-15.7667,128.7333,53.58,76,2,2.3,AU,1684881860
105,metlili chaamba,32.2667,3.6333,70.74,26,3,4.61,DZ,1684881860
106,bredasdorp,-34.5322,20.0403,53.42,91,88,3.44,ZA,1684881860
107,riosucio,5.4216,-75.7032,61.65,98,100,1.32,CO,1684881860
108,ilhabela,-23.7781,-45.3581,68.52,85,0,3.49,BR,1684881860
109,petropavlovsk-kamchatsky,53.0452,158.6483,42.78,70,75,2.24,RU,1684881860
110,hamilton,39.1834,-84.5333,81.25,46,40,8.05,US,1684881604
111,tumaco,1.7986,-78.8156,79.48,85,97,5.37,CO,1684881861
112,kyren,51.6828,102.1408,47.68,74,21,2.01,RU,1684881861
113,enewetak,11.3474,162.3373,83.25,72,100,15.61,MH,1684881650
114,as sulayyil,20.4607,45.5779,79.05,38,87,16.42,SA,1684881861
115,west island,-12.1568,96.8225,80.58,83,19,2.3,CC,1684881861
116,mabaruma,8.2,-59.7833,77.07,89,28,3.78,GY,1684881861
117,chui,-33.6971,-53.4616,64.44,87,92,6.29,UY,1684881861
118,jamestown,42.097,-79.2353,73.04,37,20,8.05,US,1684881782
119,ornskoldsvik,63.2909,18.7153,54.55,76,79,10.36,SE,1684881862
120,tebingtinggi,3.3285,99.1625,76.14,90,100,1.99,ID,1684881862
121,igarka,67.4667,86.5833,31.41,84,79,16.46,RU,1684881862
122,canmore,51.0834,-115.3521,61.81,44,83,8.05,CA,1684881701
123,pontalina,-17.525,-49.4472,66.31,57,0,3.42,BR,1684881862
124,la mira,18.035,-102.3266,87.15,59,40,10.58,MX,1684881862
125,narrabri,-30.3167,149.7833,57.74,31,24,1.92,AU,1684881862
126,az zarqa,32.0728,36.088,67.39,42,0,4.61,JO,1684881862
127,thompson,55.7435,-97.8558,55.56,38,40,9.22,CA,1684881862
128,raja,8.4596,25.678,75.27,65,54,4.0,SS,1684881862
129,hithadhoo,-0.6,73.0833,82.24,73,11,5.88,MV,1684881862
130,vishnyeva,54.7122,26.5225,52.05,76,16,3.02,BY,1684881863
131,yemetsk,63.4721,41.7941,57.74,88,89,5.3,RU,1684881863
132,carutapera,-1.195,-46.02,77.04,93,77,5.23,BR,1684881863
133,wietze,52.65,9.8333,49.08,78,20,6.91,DE,1684881863
134,georgetown,5.4112,100.3354,82.35,78,20,3.44,MY,1684881733
135,bullsbrook,-31.6667,116.0,62.55,94,75,3.44,AU,1684881863
136,namibe,-15.1961,12.1522,69.75,76,36,8.68,AO,1684881863
137,taoudenni,22.6783,-3.9836,85.71,18,94,10.98,ML,1684881863
138,lebu,-37.6167,-73.65,53.67,75,33,17.87,CL,1684881630
139,la'ie,21.6477,-157.9253,84.16,69,39,7.0,US,1684881863
140,miandrivazo,-19.5167,45.4667,68.41,85,85,1.32,MG,1684881864
141,lata,40.1629,-8.3327,65.07,81,64,2.39,PT,1684881864
142,fada,9.5667,8.3,73.2,87,94,0.76,NG,1684881864
143,adre,13.4667,22.2,85.75,24,13,3.36,TD,1684881864
144,forster,-32.1667,152.5167,57.0,47,35,2.86,AU,1684881864
145,daru,-9.0763,143.2092,79.66,79,73,16.84,PG,1684881864
146,tsiombe,-25.3,45.4833,61.07,66,1,1.81,MG,1684881864
147,tandil,-37.3217,-59.1332,59.68,89,99,5.86,AR,1684881799
148,ishikawa,26.4233,127.8214,73.36,89,0,6.91,JP,1684881864
149,pemba,-12.974,40.5178,74.23,79,2,10.63,MZ,1684881864
150,porto novo,6.4965,2.6036,84.02,86,89,5.41,BJ,1684881864
151,el charco,2.4769,-78.1105,86.02,92,100,2.68,CO,1684881864
152,eureka,40.8021,-124.1637,71.67,67,2,13.0,US,1684881607
153,bel ombre,-4.6167,55.4167,82.24,74,20,8.05,SC,1684881865
154,chifeng,42.2683,118.9636,69.53,21,100,12.93,CN,1684881674
155,iskateley,67.6803,53.1512,56.3,68,73,8.72,RU,1684881865
156,moyale,3.5167,39.0584,67.78,84,96,3.91,KE,1684881865
157,hadibu,12.65,54.0333,84.16,72,28,6.49,YE,1684881865
158,eirunepe,-6.6603,-69.8736,76.6,95,100,1.95,BR,1684881865
159,north bend,43.4065,-124.2243,65.25,66,0,23.02,US,1684881865
160,alofi,-19.0595,-169.9187,80.49,61,40,6.91,NU,1684881865
161,severo-yeniseyskiy,60.3725,93.0408,31.01,83,99,12.93,RU,1684881865
162,kegen,43.0197,79.2203,43.27,72,99,2.73,KZ,1684881865
163,bako,5.7833,36.5667,63.34,88,82,4.65,ET,1684881865
164,sabang,5.8933,95.3214,83.57,75,66,7.23,ID,1684881866
165,malanje,-9.5402,16.341,65.98,55,56,1.59,AO,1684881866
166,chilly-mazarin,48.7149,2.3164,54.57,71,0,13.8,FR,1684881866
167,tiksi,71.6872,128.8694,22.35,84,25,3.09,RU,1684881639
168,burao,9.5221,45.5336,71.06,73,100,8.63,SO,1684881866
169,ape,57.5393,26.6929,55.96,65,93,2.86,LV,1684881866
170,morondava,-20.2833,44.2833,70.16,70,2,11.83,MG,1684881866
171,tchintabaraden,15.8969,5.7985,89.2,35,62,4.92,NE,1684881866
172,cosne-cours-sur-loire,47.3333,3.1667,53.96,79,99,11.43,FR,1684881866
173,olinda,-8.0089,-34.8553,82.13,74,40,12.66,BR,1684881866
174,san patricio,28.017,-97.5169,91.18,59,21,14.2,US,1684881866
175,wewak,-3.5534,143.6268,81.16,78,100,3.6,PG,1684881866
176,swift current,50.2834,-107.8014,74.21,33,0,8.05,CA,1684881867
177,maralal,1.0968,36.698,57.97,91,44,3.98,KE,1684881867
178,ouadda,8.0777,22.4007,71.6,68,92,3.04,CF,1684881867
179,olyokminsk,60.3736,120.4264,48.69,49,95,3.04,RU,1684881648
180,baise city,23.8997,106.6133,73.35,91,99,3.0,CN,1684881867
181,nova sintra,14.8667,-24.7167,68.63,79,54,14.09,CV,1684881867
182,ashmyany,54.425,25.9378,55.4,79,23,4.29,BY,1684881867
183,buellton,34.6136,-120.1927,63.23,82,100,8.05,US,1684881867
184,rio grande,-32.035,-52.0986,64.51,88,53,8.97,BR,1684881665
185,calama,-22.4667,-68.9333,64.89,14,0,23.02,CL,1684881619
186,bubaque,11.2833,-15.8333,81.82,70,95,12.64,GW,1684881681
187,caleta de carquin,-11.0925,-77.6267,71.31,80,93,10.49,PE,1684881867
188,cienfuegos,22.1461,-80.4356,84.34,74,48,9.22,CU,1684881867
189,mpongwe,-13.5091,28.155,61.75,72,27,5.57,ZM,1684881867
190,bojia,26.4672,111.9681,64.74,89,85,0.22,CN,1684881868
191,afaahiti,-17.75,-149.2833,82.27,83,68,13.4,PF,1684881868
192,harstad,68.799,16.5293,43.99,87,53,21.0,NO,1684881868
193,hawaiian paradise park,19.5933,-154.9731,78.73,81,40,4.61,US,1684881868
194,nova vicosa,-17.8919,-39.3719,73.29,85,98,8.46,BR,1684881868
195,yerofey pavlovich,53.9667,121.9667,49.23,84,83,2.71,RU,1684881868
196,buka,40.8108,69.1986,65.57,54,3,3.29,UZ,1684881868
197,vila velha,-20.3297,-40.2925,71.55,91,75,5.75,BR,1684881643
198,saipan,15.1355,145.701,81.3,100,100,19.57,MP,1684881868
199,kodiak,57.79,-152.4072,44.11,93,100,18.41,US,1684881868
200,broome,42.2506,-75.833,72.64,55,78,4.14,US,1684881868
201,leava,-14.3,-178.1667,81.39,81,79,14.2,WF,1684881868
202,mirriah,13.7073,9.1501,92.91,24,36,2.75,NE,1684881868
203,palikir - national government center,6.9248,158.1611,86.74,74,75,4.61,FM,1684881869
204,port douglas,-16.4833,145.4667,72.75,81,93,19.24,AU,1684881640
205,isetskoye,56.4858,65.3226,58.08,53,5,2.77,RU,1684881869
206,bucerias,20.75,-105.3333,85.98,70,40,14.97,MX,1684881869
207,quellon,-43.1167,-73.6167,52.05,76,100,25.32,CL,1684881869
208,moab,38.5733,-109.5498,84.25,25,30,1.99,US,1684881869
209,talnakh,69.4865,88.3972,31.21,95,62,9.98,RU,1684881869
210,raduzhny,62.0961,77.475,40.35,72,55,7.45,RU,1684881870
211,fale old settlement,-9.3852,-171.2468,82.51,73,33,7.99,TK,1684881870
212,nemuro,43.3236,145.575,40.37,85,100,19.28,JP,1684881870
213,tobelo,1.7284,128.0095,81.66,77,10,4.81,ID,1684881870
214,qiqihar,47.3408,123.9672,74.01,20,77,13.98,CN,1684881870
215,ghat,24.9647,10.1728,83.97,21,90,0.63,LY,1684881631
216,patterson,37.4716,-121.1297,80.67,38,30,2.73,US,1684881870
217,surgeres,46.1,-0.75,60.73,79,59,14.94,FR,1684881870
218,berdigestyakh,62.0989,126.6992,46.67,39,53,2.73,RU,1684881870
219,ilulissat,69.2167,-51.1,24.82,86,100,11.5,GL,1684881870
220,arno,60.1167,18.6333,50.79,59,82,5.88,SE,1684881638
221,zarghun shahr,32.8473,68.4457,58.14,58,69,6.62,AF,1684881870
222,saynshand,44.8824,110.1163,59.77,48,100,13.62,MN,1684881871
223,rongelap,11.1635,166.8941,82.74,75,84,14.74,MH,1684881641
224,burang,30.25,81.1667,37.62,82,93,3.74,CN,1684881664
225,geraldton,-28.7667,114.6,63.01,94,100,8.05,AU,1684881871
226,vernon,50.2581,-119.2691,64.62,73,100,5.01,CA,1684881871
227,murghob,38.1702,73.9667,39.07,67,100,5.37,TJ,1684881871
228,pisco,-13.7,-76.2167,73.45,73,0,17.27,PE,1684881703
229,suva,-18.1416,178.4415,78.28,89,75,5.75,FJ,1684881871
230,hasaki,35.7333,140.8333,61.29,57,24,18.45,JP,1684881871
231,colonia,50.9333,6.95,50.25,76,0,5.75,DE,1684881871
232,eyl,7.9803,49.8164,81.61,78,82,12.53,SO,1684881680
233,kaa-khem,51.6833,94.7333,48.31,56,12,6.53,RU,1684881871
234,marshfield,44.6689,-90.1718,81.48,31,0,10.36,US,1684881871
235,bogande,12.9714,-0.1436,94.24,35,94,8.48,BF,1684881871
236,ghadamis,30.1337,9.5007,77.22,17,2,6.22,LY,1684881871
237,xique xique,-10.8217,-42.7311,79.9,60,59,19.39,BR,1684881872
238,dalandzadgad,43.5708,104.425,47.44,72,95,25.57,MN,1684881668
239,jiwani,25.05,61.7417,86.31,78,60,14.36,PK,1684881872
240,port elizabeth,-33.918,25.5701,53.31,76,0,6.91,ZA,1684881872
241,sungai penuh,-2.0833,101.3833,63.57,98,68,1.52,ID,1684881872
242,kapa'a,22.0752,-159.319,82.38,77,100,11.5,US,1684881684
243,sitka,57.0531,-135.33,55.29,58,100,9.22,US,1684881872
244,ad dabbah,18.05,30.95,91.45,11,1,8.21,SD,1684881872
245,kingston,17.997,-76.7936,83.35,82,75,6.91,JM,1684881793
246,kone,-21.0595,164.8658,74.88,50,8,7.65,NC,1684881872
247,taubate,-23.0264,-45.5553,66.81,82,0,1.14,BR,1684881872
248,saudarkrokur,65.7461,-19.6394,38.43,70,86,39.48,IS,1684881872
249,nagqu,31.5,92.0,34.21,54,100,2.26,CN,1684881872
250,boma,7.0805,-2.1697,74.43,98,88,2.73,GH,1684881872
251,arraial do cabo,-22.9661,-42.0278,73.26,83,20,8.05,BR,1684881873
252,greymouth,-42.4667,171.2,53.51,79,17,2.91,NZ,1684881575
253,vilyuysk,63.7553,121.6247,46.02,40,99,7.63,RU,1684881873
254,tazacorte,28.629,-17.9293,65.37,86,100,1.99,ES,1684881655
255,chernyshevskiy,63.0128,112.4714,39.51,82,98,4.74,RU,1684881873
256,aras-asan,8.8908,126.3033,79.88,84,100,2.98,PH,1684881873
257,walvis bay,-22.9575,14.5053,55.09,100,0,3.44,NA,1684881873
258,mimizan,44.2006,-1.2289,64.89,95,46,3.6,FR,1684881583
259,kenai,60.5544,-151.2583,55.49,47,100,17.27,US,1684881873
260,zakamensk,50.3741,103.2863,44.53,74,71,1.88,RU,1684881873
261,kapuskasing,49.4169,-82.4331,46.49,87,100,13.8,CA,1684881641
262,marsh harbour,26.5412,-77.0636,79.59,71,5,11.03,BS,1684881680
263,guanica,17.9716,-66.908,84.11,67,69,9.31,PR,1684881873
264,alice springs,-23.7,133.8833,35.15,87,5,4.88,AU,1684881649
265,utrik,11.2278,169.8474,82.27,77,71,16.02,MH,1684881873
266,khagrachhari,23.1,91.9667,74.08,99,36,2.98,BD,1684881874
267,tuscaloosa,33.2098,-87.5692,67.86,85,100,9.22,US,1684881716
268,kyshtovka,56.555,76.6271,50.16,60,33,6.46,RU,1684881874
269,ilheus,-14.7889,-39.0494,75.02,94,75,6.91,BR,1684881812
270,mpika,-11.8343,31.4529,61.95,85,77,6.73,ZM,1684881874
271,villa gonzalez,19.5406,-70.7885,80.62,81,47,1.9,DO,1684881874
272,bonthe,7.5264,-12.505,79.05,83,96,5.44,SL,1684881874
273,ino,33.55,133.4333,65.73,57,9,4.54,JP,1684881874
274,kostomuksha,64.571,30.5767,49.46,94,78,7.52,RU,1684881874
275,westport,41.1415,-73.3579,65.95,59,0,10.36,US,1684881874
276,penzance,50.1186,-5.5371,53.76,82,77,11.25,GB,1684881874
277,ocara,-4.4908,-38.5967,74.79,92,72,5.06,BR,1684881874
278,soto la marina,23.7667,-98.2167,86.34,57,27,13.31,MX,1684881874
279,jumla,29.2747,82.1838,55.22,84,95,2.17,NP,1684881874
280,al kharijah,25.4514,30.5464,81.57,15,0,6.98,EG,1684881875
281,batticaloa,7.7102,81.6924,79.39,83,5,3.96,LK,1684881875
282,greenville,35.6127,-77.3663,75.36,51,0,10.36,US,1684881774
283,korsakov,46.6328,142.7813,42.64,77,0,9.71,RU,1684881875
284,guadalupe y calvo,26.1,-106.9667,73.13,16,95,13.73,MX,1684881875
285,naryn,41.4287,75.9911,48.4,88,100,3.62,KG,1684881875
286,crane,31.3974,-102.3501,93.56,13,0,0.4,US,1684881875
287,togur,58.3631,82.8265,45.32,57,100,8.12,RU,1684881643
288,nizao,18.25,-70.2,84.47,74,3,6.76,DO,1684881875
289,bafata,12.1667,-14.75,84.33,61,98,5.99,GW,1684881875
290,tosontsengel,48.7567,98.2839,38.25,74,75,3.49,MN,1684881875
291,aasiaat,68.7098,-52.8699,28.67,87,100,16.73,GL,1684881875
292,silver city,32.7701,-108.2803,84.16,13,0,11.01,US,1684881875
293,stanley,54.868,-1.6985,52.72,80,99,8.39,GB,1684881695
294,sinabang,2.4803,96.3801,79.79,85,98,2.28,ID,1684881876
295,tataouine,32.9297,10.4518,63.81,84,0,9.71,TN,1684881876
296,bonnyville,54.2668,-110.735,67.32,46,78,15.43,CA,1684881876
297,pembroke,45.8168,-77.1162,76.98,48,83,8.59,CA,1684881876
298,ketchikan,55.3422,-131.6461,63.07,42,0,9.22,US,1684881661
299,uturoa,-16.7333,-151.4333,79.88,80,79,11.99,PF,1684881876
300,borger,52.9233,6.7931,47.82,86,0,7.87,NL,1684881876
301,salinas,36.6777,-121.6555,66.99,63,100,14.97,US,1684881876
302,cabo san lucas,22.8909,-109.9124,94.6,21,40,3.44,MX,1684881631
303,porto franco,-6.3383,-47.3992,79.14,71,100,1.59,BR,1684881876
304,nadi,-17.8,177.4167,80.6,69,75,5.75,FJ,1684881876
305,saint-francois,46.4154,3.9054,58.44,82,0,4.61,FR,1684881664
306,chinde,26.8418,88.0763,61.43,76,98,3.58,NP,1684881876
307,male,4.1748,73.5089,80.55,89,20,2.3,MV,1684881876
308,les avirons,-21.2418,55.3394,71.69,73,100,2.3,RE,1684881877
309,cam ranh,11.9214,109.1591,80.56,78,0,0.0,VN,1684881877
310,urucara,-2.5364,-57.76,77.16,93,98,1.32,BR,1684881877
311,diego de almagro,-26.3667,-70.05,59.72,51,2,3.78,CL,1684881877
312,chonchi,-42.6128,-73.8092,50.13,91,86,15.17,CL,1684881877
313,egilsstadir,65.2653,-14.3948,44.51,49,0,28.77,IS,1684881877
314,kirensk,57.7853,108.1119,41.92,91,100,3.36,RU,1684881877
315,siracusa,37.0881,15.2792,61.97,78,44,1.48,IT,1684881878
316,laurel,39.0993,-76.8483,71.96,53,0,8.05,US,1684881878
317,ibimirim,-8.5406,-37.6903,73.42,74,38,12.8,BR,1684881878
318,puerto san jose,13.9256,-90.8244,85.93,68,99,7.54,GT,1684881878
319,zakynthos,37.7914,20.8953,63.64,77,2,1.63,GR,1684881878
320,biltine,14.5333,20.9167,92.97,16,7,3.22,TD,1684881878
321,newman,37.3138,-121.0208,81.23,38,40,11.01,US,1684881878
322,znamenskoye,57.1281,73.8282,50.07,60,40,4.12,RU,1684881878
323,kailua-kona,19.6406,-155.9956,80.56,81,100,9.22,US,1684881878
324,qaqortoq,60.7167,-46.0333,32.22,76,17,10.87,GL,1684881878
325,berezovyy,51.6667,135.7,58.77,70,99,3.2,RU,1684881879
326,cafayate,-26.073,-65.9761,66.6,45,0,3.53,AR,1684881879
327,barcelos,41.5388,-8.6151,73.54,64,44,6.51,PT,1684881817
328,pundong,-7.9522,110.3486,74.79,89,60,4.18,ID,1684881879
329,yakeshi,49.2833,120.7333,61.5,46,86,4.34,CN,1684881879
330,manacapuru,-3.2997,-60.6206,78.31,92,100,3.22,BR,1684881879
331,selfoss,63.9331,-20.9971,39.04,71,99,35.95,IS,1684881665
332,dudinka,69.4058,86.1778,31.62,95,34,8.52,RU,1684881879
333,boromo,11.75,-2.9333,91.44,40,63,6.29,BF,1684881879
334,mastung,29.7994,66.845,69.66,37,28,5.23,PK,1684881850
335,dhalie,13.6957,44.7314,71.58,67,99,3.09,YE,1684881879
336,kaoma,-14.7833,24.8,60.87,50,3,5.88,ZM,1684881879
337,tabou,4.423,-7.3528,81.0,83,76,5.17,CI,1684881680
338,la passe,45.5549,-0.8967,61.03,78,15,17.74,FR,1684881879
339,amursk,50.2261,136.8994,58.68,78,95,13.91,RU,1684881879
340,sur,22.5667,59.5289,89.35,53,59,14.85,OM,1684881880
341,mossel bay,-34.1831,22.146,51.73,82,63,1.34,ZA,1684881880
342,sisimiut,66.9395,-53.6735,29.7,72,100,25.57,GL,1684881880
343,mersing,2.4312,103.8405,76.91,94,20,4.61,MY,1684881880
344,princeville,45.7668,-61.2985,51.6,66,0,13.8,CA,1684881880
345,klyuchi,52.2667,79.1667,51.37,49,0,7.63,RU,1684881880
346,ta`u,-14.2336,-169.5144,81.12,81,58,10.11,AS,1684881880
347,la ronge,55.1001,-105.2842,53.82,40,75,11.5,CA,1684881880
348,hailin,44.5833,129.4167,60.66,51,1,6.93,CN,1684881880
349,kardla,58.9978,22.7492,48.06,66,20,3.29,EE,1684881880
350,barabai,-2.5833,115.3833,73.96,95,24,1.28,ID,1684881880
351,sompeta,18.9333,84.6,82.67,84,2,13.96,IN,1684881880
352,port augusta,-32.5,137.7667,54.84,56,30,7.87,AU,1684881674
353,akureyri,65.6835,-18.0878,42.73,56,75,26.46,IS,1684881880
354,coxen hole,16.3244,-86.5366,87.08,58,20,6.91,HN,1684881881
355,valparaiso,-33.0393,-71.6273,62.01,82,75,5.75,CL,1684881881
356,vila franca do campo,37.7167,-25.4333,63.01,82,62,8.68,PT,1684881881
357,viseu,40.661,-7.9097,61.86,70,60,6.06,PT,1684881791
358,ballina,-28.8667,153.5667,57.78,78,8,5.01,AU,1684881835
359,choma,-16.8065,26.9531,59.95,42,0,2.24,ZM,1684881881
360,lang son,21.8333,106.7333,73.0,96,91,4.92,VN,1684881618
361,margate,51.3813,1.3862,50.31,75,98,1.99,GB,1684881881
362,kharp,66.8014,65.8081,44.74,64,83,3.65,RU,1684881881
363,ancud,-41.8697,-73.8203,49.08,85,72,28.59,CL,1684881692
364,machico,32.7,-16.7667,66.83,74,75,5.75,PT,1684881735
365,zomba,-15.386,35.3188,59.83,87,61,2.62,MW,1684881881
366,colon,9.3592,-79.9014,84.94,73,97,4.0,PA,1684881881
367,trincomalee,8.5711,81.2335,80.37,82,3,11.54,LK,1684881882
368,san angelo,31.4638,-100.437,94.05,43,20,8.01,US,1684881757
369,kerikeri,-35.2268,173.9474,61.92,72,2,10.83,NZ,1684881638
370,anadyr,64.75,177.4833,39.7,75,75,8.95,RU,1684881639
371,rancho palos verdes,33.7445,-118.387,68.16,84,75,10.36,US,1684881882
372,gerash,27.6652,54.1371,79.11,30,14,1.9,IR,1684881882
373,alta,69.9689,23.2717,44.19,80,100,2.3,NO,1684881739
374,tamanrasset,22.785,5.5228,78.71,21,0,11.5,DZ,1684881882
375,boulder,40.0833,-105.3505,72.91,38,0,4.61,US,1684881814
376,freetown,8.484,-13.2299,82.11,83,75,6.91,SL,1684881882
377,murzuq,25.9155,13.9184,84.81,14,68,3.6,LY,1684881882
378,petawawa,45.9001,-77.3328,76.59,27,20,11.5,CA,1684881652
379,prainha,-1.8,-53.48,77.72,87,83,2.82,BR,1684881882
380,sijunjung,-0.6876,100.9537,70.95,97,89,1.9,ID,1684881882
381,severnoye,56.3491,78.3619,49.28,61,31,6.87,RU,1684881882
382,kavieng,-2.5744,150.7967,81.72,82,89,13.13,PG,1684881882
383,yatou,37.15,122.3833,65.53,60,100,7.58,CN,1684881883
384,chudovo,59.1167,31.6833,56.14,67,69,3.78,RU,1684881883
385,turuntayevo,52.2,107.6167,44.69,76,69,3.91,RU,1684881883
386,ugoofaaru,5.6667,73.0,82.87,76,24,6.06,MV,1684881883
387,vysokaya gora,55.9128,49.3017,62.78,64,94,6.89,RU,1684881883
388,ar rutbah,33.0381,40.2848,77.18,34,100,21.16,IQ,1684881883
389,awjilah,29.1081,21.2869,71.69,40,22,8.5,LY,1684881883
390,tabalah,19.95,42.4,65.44,48,95,8.08,SA,1684881883
391,arteche,12.2645,125.4048,80.1,87,32,2.82,PH,1684881883
392,usoke,-5.1667,32.35,65.79,79,78,4.7,TZ,1684881883
393,wainwright,52.839,-110.8572,71.83,27,44,17.25,CA,1684881883
394,san luis de la loma,17.2706,-100.8939,87.08,60,72,7.83,MX,1684881884
395,shwebo,22.5667,95.7,83.97,54,40,10.69,MM,1684881884
396,jahanabad,25.2167,84.9833,76.84,45,46,8.48,IN,1684881884
397,meadow lake,34.8014,-106.5436,85.6,21,50,11.97,US,1684881884
398,kangasala,61.4638,24.076,56.01,69,14,3.6,FI,1684881884
399,smithers,54.7804,-127.1743,70.12,37,20,5.75,CA,1684881668
400,wajir,1.7471,40.0573,78.87,72,99,15.82,KE,1684881884
401,aden,12.7794,45.0367,85.35,78,73,15.43,YE,1684881884
402,papao,-17.75,-149.55,83.88,83,88,10.36,PF,1684881884
403,ulladulla,-35.35,150.4667,52.97,56,78,4.16,AU,1684881776
404,zelenogorskiy,55.0333,87.0,45.01,77,83,2.19,RU,1684881885
405,ponta delgada,37.7333,-25.6667,63.32,72,20,12.66,PT,1684881885
406,fort st. john,56.2499,-120.8529,48.09,81,100,9.22,CA,1684881885
407,quincy,42.2529,-71.0023,66.31,52,20,14.97,US,1684881719
408,ylitornio,66.3089,23.6773,44.87,94,94,5.95,FI,1684881885
409,manismata,-2.4667,111.0333,73.72,96,79,2.46,ID,1684881885
410,tapa,59.2606,25.9586,51.26,74,20,3.09,EE,1684881890
411,island harbour,50.724,-1.2758,53.2,86,97,3.0,GB,1684881891
412,changling,44.2653,124.0005,68.47,29,42,20.56,CN,1684881891
413,ntungamo,-0.8833,29.65,64.06,86,53,3.2,UG,1684881891
414,champerico,14.3,-91.9167,86.54,64,53,9.28,GT,1684881891
415,neiafu,-18.65,-173.9833,79.48,73,20,2.3,TO,1684881891
416,kasempa,-13.4584,25.8338,63.1,66,67,4.27,ZM,1684881891
417,wynyard,-41.0,145.7167,54.99,94,99,10.87,AU,1684881891
418,alaghsas,17.0187,8.0168,93.67,18,85,6.29,NE,1684881891
419,fortuna,40.5982,-124.1573,60.93,69,20,20.71,US,1684881891
420,juan griego,11.0817,-63.9655,75.33,94,89,12.66,VE,1684881891
421,el rama,12.1596,-84.2195,86.25,59,100,11.36,NI,1684881891
422,haiku-pauwela,20.9219,-156.3051,84.22,55,20,26.46,US,1684881891
423,baruun-urt,46.6806,113.2792,57.74,35,100,8.48,MN,1684881892
424,saguenay,48.4168,-71.0657,72.43,28,75,25.32,CA,1684881685
425,howrah,22.5892,88.3103,75.2,88,40,3.44,IN,1684881892
426,codrington,-38.2667,141.9667,52.72,74,79,14.99,AU,1684881892
427,dickinson,29.4608,-95.0513,88.14,65,40,8.05,US,1684881892
428,armacao de buzios,-22.7469,-41.8817,75.25,81,0,16.37,BR,1684881832
429,cockburn town,21.4612,-71.1419,81.41,72,0,3.13,TC,1684881892
430,guerrero negro,27.9769,-114.0611,67.39,61,4,17.02,MX,1684881892
431,kharan,28.5833,65.4167,82.9,32,91,10.36,PK,1684881892
432,souillac,-20.5167,57.5167,71.98,94,40,3.44,MU,1684881892
433,tolanaro,-25.0319,46.9987,62.67,88,40,4.61,MG,1684881892
434,pingliang,35.5392,106.6861,51.06,80,0,2.04,CN,1684881892
435,arkhangel'sk,64.5401,40.5433,57.02,89,99,3.74,RU,1684881892
436,santa terezinha,-29.9002,-50.0904,67.77,84,5,8.23,BR,1684881892
437,glendive,47.1053,-104.7125,83.82,39,40,14.97,US,1684881893
438,tvoroyri,61.5556,-6.8111,46.83,78,71,32.91,FO,1684881893
439,lensk,60.7253,114.9278,48.25,57,99,1.52,RU,1684881893
440,shalkar,47.8288,59.6258,65.12,37,1,10.8,KZ,1684881893
441,kiskunlachaza,47.1884,19.0093,63.14,90,100,6.93,HU,1684881893
442,port alfred,-33.5906,26.891,62.04,53,8,4.56,ZA,1684881893
443,dokkum,53.3222,5.997,50.0,87,40,6.91,NL,1684881893
444,potosi,-19.5836,-65.7531,46.45,21,0,3.06,BO,1684881733
445,sao joao da barra,-21.6403,-41.0511,69.89,85,84,10.6,BR,1684881893
446,vranov nad toplou,48.8884,21.6848,62.94,98,98,1.25,SK,1684881893
447,nishinoomote,30.7333,131.0,70.7,44,0,15.64,JP,1684881893
448,tyukhtet,56.5389,89.3011,46.56,56,34,10.09,RU,1684881894
449,lucapa,-8.4192,20.7447,69.85,49,41,3.02,AO,1684881894
450,ceeldheer,3.8488,47.1806,80.15,83,86,12.17,SO,1684881894
451,miramar,25.9873,-80.2323,86.02,76,100,9.22,US,1684881784
452,desaguadero,-16.5656,-69.0417,47.25,49,73,3.85,PE,1684881894
453,nyurba,63.2842,118.3319,48.31,48,100,4.88,RU,1684881894
454,gotha,50.9482,10.7019,48.15,90,0,8.05,DE,1684881894
455,amasra,41.7463,32.3863,59.0,91,94,2.01,TR,1684881894
456,kandiaro,27.0601,68.2091,88.9,37,73,5.32,PK,1684881894
457,tofol,5.3248,163.0078,83.98,79,75,9.22,FM,1684881894
458,xiangcheng chengguanzhen,33.847,113.4778,61.27,82,100,5.1,CN,1684881895
459,uyuni,-20.4597,-66.825,43.56,22,0,7.18,BO,1684881895
460,new yekepa,7.5794,-8.5378,71.76,95,98,1.9,LR,1684881895
461,durres,41.3231,19.4414,59.18,77,34,3.53,AL,1684881895
462,campo formoso,-10.5075,-40.3214,69.37,94,100,10.36,BR,1684881895
463,cooper's town,26.8667,-77.5167,79.18,72,16,10.13,BS,1684881895
464,altai,46.3722,96.2583,37.47,74,100,11.07,MN,1684881895
465,arizona city,32.7559,-111.671,100.15,6,0,14.79,US,1684881895
466,shahrud,36.4182,54.9763,68.58,35,12,5.14,IR,1684881895
467,dampit,-8.2116,112.7493,67.96,96,8,2.82,ID,1684881895
468,maranello,44.5248,10.8655,66.85,73,29,6.6,IT,1684881895
469,oster,50.9506,30.8823,55.2,86,50,2.46,UA,1684881895
470,belmonte,-15.8631,-38.8828,74.61,78,75,7.16,BR,1684881896
471,batyrevo,55.0675,47.6111,61.97,55,93,11.95,RU,1684881896
472,ishigaki,24.3448,124.1572,73.53,78,75,8.05,JP,1684881896
473,puerto deseado,-47.7503,-65.8938,48.81,43,0,15.73,AR,1684881896
474,aykhal,66.0,111.5,31.66,84,84,12.68,RU,1684881896
475,matam,15.6175,-13.3303,96.8,23,0,4.61,SN,1684881896
476,tura,25.5198,90.2201,69.35,96,97,3.71,IN,1684881896
477,bayanga,7.5214,124.2522,71.76,95,94,1.5,PH,1684881896
478,lethbridge,49.7,-112.8186,74.21,21,75,10.36,CA,1684881757
479,irtyshsk,53.3333,75.4572,53.89,44,1,6.62,KZ,1684881896
480,howard springs,-12.497,131.047,73.31,73,1,10.36,AU,1684881897
481,ndioum,16.5129,-14.6471,91.29,23,94,13.51,SN,1684881897
482,patong,7.8961,98.2966,87.03,99,92,9.28,TH,1684881897
483,birzebbuga,35.8258,14.5269,65.16,94,20,8.05,MT,1684881897
484,tangalle,6.024,80.7911,77.4,88,4,7.27,LK,1684881897
485,palopo,-2.9996,120.1921,77.25,87,99,1.7,ID,1684881897
486,lazaro cardenas,17.9583,-102.2,86.43,61,47,10.58,MX,1684881897
487,bereznik,62.8551,42.7072,55.81,92,99,2.73,RU,1684881897
488,horsham,51.064,-0.3272,54.28,69,0,1.14,GB,1684881898
489,roma,43.2128,-75.4557,75.38,42,0,9.22,US,1684881842
490,nanpiao,41.0982,120.7479,68.56,34,99,6.24,CN,1684881898
491,bereket,39.2446,55.5154,85.66,26,0,1.45,TM,1684881898
492,happy valley-goose bay,53.3168,-60.3315,61.11,29,75,18.41,CA,1684881898
493,kuching,1.55,110.3333,80.04,97,20,0.0,MY,1684881898
494,kyabe,9.4515,18.9449,88.25,40,90,4.68,TD,1684881898
495,senanga,-16.1167,23.2667,61.84,39,0,5.23,ZM,1684881898
496,acopiara,-6.0953,-39.4525,78.39,63,86,2.48,BR,1684881899
497,bac lieu,9.285,105.7244,82.31,78,98,7.31,VN,1684881899
498,cururupu,-1.8283,-44.8683,76.21,94,82,3.6,BR,1684881899
499,katima mulilo,-17.5,24.2667,62.73,33,0,6.55,NA,1684881899
500,muisne,0.6,-80.0333,78.94,83,86,4.0,EC,1684881899
501,kaspiyskiy,45.3929,47.3707,68.31,74,4,8.23,RU,1684881899
502,mezhdurechenskiy,59.6,65.9333,56.53,62,49,4.21,RU,1684881900
503,kalabo,-14.97,22.6814,60.01,38,4,3.96,ZM,1684881900
504,mohr,54.3528,9.7167,51.12,80,53,14.97,DE,1684881900
505,anloga,5.7947,0.8973,82.36,79,73,7.02,GH,1684881900
506,talara,-4.5772,-81.2719,84.96,65,0,6.91,PE,1684881900
507,zhezqazghan,47.7833,67.7667,55.98,50,0,11.18,KZ,1684881900
508,tarko-sale,64.9225,77.785,34.05,86,35,8.93,RU,1684881900
509,khabary,53.6259,79.5345,50.88,55,2,6.62,RU,1684881901
510,pitimbu,-7.4706,-34.8086,79.39,86,23,12.59,BR,1684881901
511,yeosu,34.7546,127.6599,61.95,77,96,4.63,KR,1684881901
512,washington,47.5001,-120.5015,72.05,30,4,7.31,US,1684881644
513,polyarnyy,69.1989,33.4478,46.99,86,45,7.67,RU,1684881901
514,nar'yan-mar,67.6713,53.087,56.44,68,79,8.72,RU,1684881902
515,sam roi yot,12.2708,99.872,80.58,86,100,5.32,TH,1684881902
516,nabire,-3.3667,135.4833,79.43,84,69,1.68,ID,1684881902
517,hovd,48.0056,91.6419,45.25,54,23,4.07,MN,1684881648
518,nelson bay,-32.7167,152.15,54.0,87,60,4.0,AU,1684881902
519,ust'-kulom,61.6864,53.6902,53.56,70,84,1.95,RU,1684881903
520,laughlin,35.1678,-114.573,101.68,9,0,26.46,US,1684881903
521,taltal,-25.4,-70.4833,62.92,82,27,0.18,CL,1684881903
522,murun-kuren,49.6342,100.1625,43.38,69,25,4.85,MN,1684881903
523,jakar,27.5492,90.7525,47.61,85,100,3.56,BT,1684881903
524,juneau,58.3019,-134.4197,57.2,47,75,12.66,US,1684881623
525,plettenberg bay,-34.0527,23.3716,56.71,67,21,3.15,ZA,1684881636
526,kosh-agach,50.0,88.6667,38.05,77,6,3.44,RU,1684881903
527,kumba,4.6363,9.4469,73.54,98,93,1.07,CM,1684881904
528,timmins,48.4669,-81.3331,49.82,100,100,8.05,CA,1684881904
529,seven pagodas,12.6264,80.1722,86.05,80,12,12.82,IN,1684881904
530,laascaanood,8.4774,47.3597,76.06,74,100,20.6,SO,1684881904
531,kidal,18.4411,1.4078,94.21,15,99,10.92,ML,1684881904
532,necochea,-38.5473,-58.7368,61.65,90,100,7.49,AR,1684881904
533,grand rapids,42.9634,-85.6681,80.49,38,6,1.99,US,1684881774
534,kudahuvadhoo,2.6708,72.8944,82.58,75,43,7.18,MV,1684881905
535,agios nikolaos,35.1914,25.7133,64.76,72,2,6.31,GR,1684881905
536,forrest city,35.0081,-90.7898,81.45,68,100,9.15,US,1684881905
537,antigonish,45.6169,-61.9986,48.38,67,0,4.56,CA,1684881905
538,menongue,-14.6585,17.691,60.62,36,78,4.38,AO,1684881905
539,mishan,45.55,131.8833,65.75,47,3,7.65,CN,1684881905
540,ladario,-19.0047,-57.6017,83.5,39,56,3.8,BR,1684881905
541,morehead city,34.7229,-76.726,73.44,77,100,18.41,US,1684881906
542,nazca,-14.8333,-74.95,73.62,56,54,5.88,PE,1684881906
543,komoro,36.3167,138.4333,51.75,78,62,1.01,JP,1684881906
544,andovoranto,-18.95,49.1,70.5,91,90,7.81,MG,1684881906
545,constitucion,-35.3333,-72.4167,54.16,85,73,7.56,CL,1684881906
546,fisterra,42.9049,-9.2629,65.01,81,1,22.59,ES,1684881907
547,naifaru,5.4444,73.3657,83.03,75,9,5.86,MV,1684881907
548,lobujya,27.95,86.8167,19.74,64,85,4.0,NP,1684881907
549,stephenville,32.2207,-98.2023,84.99,58,40,6.91,US,1684881907
550,sanctuary point,-35.1114,150.629,57.2,55,87,6.4,AU,1684881907
551,mbalmayo,3.5167,11.5,69.1,99,100,2.17,CM,1684881907
552,lompoc,34.6391,-120.4579,63.61,76,100,9.22,US,1684881912
553,bikenibeu village,1.3673,173.1241,84.16,79,75,6.91,KI,1684881653
554,kawambwa,-9.7915,29.0791,65.35,73,29,5.35,ZM,1684881913
555,mikhaylovskoye,51.8239,79.7172,51.22,44,0,7.07,RU,1684881913
556,hilo,19.7297,-155.09,81.28,78,40,5.99,US,1684881833
557,metahara,8.9,39.9167,73.74,61,64,0.89,ET,1684881913
558,sittwe,20.15,92.9,82.33,81,1,5.88,MM,1684881913
559,kiunga,-6.1219,141.2906,73.85,99,100,1.57,PG,1684881913
560,kristiansund,63.1115,7.732,45.25,81,75,3.44,NO,1684881913
561,polyarnyye zori,67.3661,32.4981,48.54,83,24,4.34,RU,1684881913
562,puerto baquerizo moreno,-0.9,-89.6,81.59,78,40,10.36,EC,1684881914
563,muntok,-2.0667,105.1833,77.63,90,49,6.96,ID,1684881914
564,al ghayzah,16.2079,52.176,83.91,71,18,6.26,YE,1684881914
565,acapulco de juarez,16.8634,-99.8901,89.42,62,0,6.91,MX,1684881633
566,camayenne,9.535,-13.6878,84.29,79,75,11.5,GN,1684881914
567,nadym,65.5333,72.5167,37.17,69,17,6.06,RU,1684881914
568,lubang,13.8584,120.124,84.52,71,55,2.57,PH,1684881914
569,la sarre,48.8002,-79.1996,45.77,94,100,14.79,CA,1684881800
570,abeche,13.8292,20.8324,89.26,21,9,0.85,TD,1684881914
571,seryshevo,51.0933,128.3786,65.17,41,100,10.67,RU,1684881914
572,kamloops,50.6665,-120.3192,55.74,86,100,2.3,CA,1684881696
573,kilju,40.9642,129.3278,69.03,37,1,2.95,KP,1684881915
574,san luis,-33.295,-66.3356,59.86,73,41,4.92,AR,1684881915
575,villa rica,33.7321,-84.9191,71.29,79,99,4.81,US,1684881709
576,longquan,24.6719,102.1613,63.9,61,1,1.9,CN,1684881915
577,hyderabad,17.3753,78.4744,81.91,61,40,8.05,IN,1684881786
578,new norfolk,-42.7826,147.0587,57.7,69,89,1.01,AU,1684881915
579,cidreira,-30.1811,-50.2056,68.41,84,8,9.57,BR,1684881915
580,matoury,4.8483,-52.3317,78.76,83,0,3.44,GF,1684881915
581,hinganghat,20.5667,78.8333,92.66,30,27,6.8,IN,1684881915
582,poso,-1.3959,120.7524,83.34,67,97,5.39,ID,1684881915
583,karachi,24.9056,67.0822,84.02,79,40,4.61,PK,1684881915
584,gonabad,34.3529,58.6837,74.53,31,1,3.06,IR,1684881916
585,anthony,32.004,-106.6058,95.45,10,0,7.0,US,1684881916
586,simanggang,1.2472,111.4528,75.18,94,100,3.44,MY,1684881916
587,novyy urgal,51.0736,132.5642,59.97,60,100,4.65,RU,1684881916
588,antonio enes,-16.2325,39.9086,74.8,78,100,7.56,MZ,1684881916
589,ciudad madero,22.2667,-97.8333,86.2,58,40,12.37,MX,1684881916
590,soio,-6.1349,12.3689,77.13,88,4,6.64,AO,1684881916
591,hailun,47.45,126.9333,67.51,30,98,15.28,CN,1684881916
592,arkalyk,50.2486,66.9114,57.9,51,27,8.61,KZ,1684881683
593,kovdor,67.5662,30.4758,49.73,85,67,4.81,RU,1684881916
594,praia,14.9215,-23.5087,73.94,73,20,18.41,CV,1684881917
595,tomatlan,19.9333,-105.25,91.92,37,52,10.96,MX,1684881917
596,ciudad lazaro cardenas,17.9583,-102.2,86.43,61,47,10.58,MX,1684881917
597,weno,7.4515,151.8468,85.95,84,75,8.05,FM,1684881917
